Навигатор Garmin eTrex 10 портативный туристический (010-00970-00);59;6990;396641784_w640_h640_navigator-garmin-etrex.jpg;/catalog/navigator/;/catalog/navigator/396641784_w640_h640_navigator-garmin-etrex.jpg
Навигатор Garmin eTrex 22x портативный туристический (010-02256-01) + microSD 8 Гб;59;15990;655262030_w640_h640_navigator-garmin-etrex.jpg;/catalog/navigator/;/catalog/navigator/655262030_w640_h640_navigator-garmin-etrex.jpg
Навигатор Garmin eTrex 20x портативный туристический (010-01508-02) + microSD 8 Гб;59;11590;412052940_w640_h640_navigator-garmin-etrex.jpg;/catalog/navigator/;/catalog/navigator/412052940_w640_h640_navigator-garmin-etrex.jpg
Навигатор Garmin eTrex 32x портативный туристический (010-02257-01) + microSD 8 Гб;59;18990;655351553_w640_h640_navigator-garmin-etrex.jpg;/catalog/navigator/;/catalog/navigator/655351553_w640_h640_navigator-garmin-etrex.jpg
Навигатор Garmin eTrex 30x портативный туристический (010-01508-XX) + microSD 8 Гб;59;15750;412055035_w640_h640_navigator-garmin-etrex.jpg;/catalog/navigator/;/catalog/navigator/412055035_w640_h640_navigator-garmin-etrex.jpg
Чехол Garmin для eTrex 10-30x (010-11734-00);;1595;455113148_w640_h640_chehol-garmin-dlya.jpg;;
Авто комплект Garmin. Держатель для салазок на стекло и плоскость (010-10851-10);;3990;409317614_w640_h640_avto-komplekt-garmin.jpg;;
Навигатор Garmin eTrex touch 25 портативный туристический (010-01325-01) + microSD 8 Гб;59;15990;403034699_w640_h640_navigator-garmin-etrex.jpg;/catalog/navigator/;/catalog/navigator/403034699_w640_h640_navigator-garmin-etrex.jpg
Навигатор Garmin eTrex touch 35 портативный туристический (010-01325-12) + microSD 8 Гб;59;18390;474405603_w640_h640_navigator-garmin-etrex.jpg;/catalog/navigator/;/catalog/navigator/474405603_w640_h640_navigator-garmin-etrex.jpg
Силиконовый чехол Garmin для eTrex touch 25-35t (010-01325-00). Цвет синий;;1390;474622907_w640_h640_silikonovyj-chehol-garmin.jpg;;
Чехол силиконовый Garmin для eTrex touch 25-35t (010-12178-01). Цвет красный;;1390;474624156_w640_h640_chehol-silikonovyj-garmin.jpg;;
Навигатор Garmin GPSMAP 66s кнопочный портативный туристический (010-01918-02) + microSD 8 Гб;59;26990;567012910_w640_h640_navigator-garmin-gpsmap.jpg;/catalog/navigator/;/catalog/navigator/567012910_w640_h640_navigator-garmin-gpsmap.jpg
Навигатор Garmin GPSMAP 66st кнопочный портативный туристический (010-01918-14) + microSD 8 Гб;59;28990;567021926_w640_h640_navigator-garmin-gpsmap.jpg;/catalog/navigator/;/catalog/navigator/567021926_w640_h640_navigator-garmin-gpsmap.jpg
Garmin GPSMAP 66i - туристический навигатор и спутниковый коммуникатор (010-01918-02) + microSD 8 Гб;59;39990;707024389_w640_h640_garmin-gpsmap-66i.jpg;/catalog/navigator/;/catalog/navigator/707024389_w640_h640_garmin-gpsmap-66i.jpg
Крепление Garmin док станция с присоской RAM для GPSMAP 66i. Муфта 60 мм (010-12825-01);;7118;707033887_w640_h640_kreplenie-garmin-dok.jpg;;
Крепление Garmin док станция для GPSMAP 66i (010-12825-00);;3050;707035851_w640_h640_kreplenie-garmin-dok.jpg;;
Зарядное устройство Garmin для ошейников T 5/TT 15 (010-11828-20);;1570;537229648_w640_h640_zaryadnoe-ustrojstvo-garmin.jpg;;
Защитный чехол Garmin для GPSMAP 62-64 серий (010-11526-00);;1990;430877133_w640_h640_zaschitnyj-chehol-garmin.jpg;;
,Шнурок Garmin длинный для GPSMAP 64,, Oregon,, eTrex и мн. др. (013-00052-00),;;829;515128573_w640_h640_shnurok-garmin-dlinnyj.jpg;;
,Антенна Garmin дальнего действия на магните для Alpha,, Astro 220-430 и др. (010-10931-00),;;3990;345508731_w640_h640_antenna-garmin-dalnego.jpg;;
Навигатор Garmin GPSMAP 64x туристический портативный кнопочный + microSD 8 Гб. 010-02258-01;59;23990;699373631_w640_h640_navigator-garmin-gpsmap.jpg;/catalog/navigator/;/catalog/navigator/699373631_w640_h640_navigator-garmin-gpsmap.jpg
Навигатор Garmin GPSMAP 64sx туристический портативный кнопочный с ANT+ и BLUETOOTH + microSD.010-02258-10;59;26990;699376287_w640_h640_navigator-garmin-gpsmap.jpg;/catalog/navigator/;/catalog/navigator/699376287_w640_h640_navigator-garmin-gpsmap.jpg
Навигатор Garmin GPSMAP 64 туристический портативный кнопочный + microSD 8Gb. 010-01199-00;59;17990;699381719_w640_h640_navigator-garmin-gpsmap.jpg;/catalog/navigator/;/catalog/navigator/699381719_w640_h640_navigator-garmin-gpsmap.jpg
Защитная крышка экрана Garmin для GPSMAP 276Cx (010-12456-00);;2390;409528724_w640_h640_zaschitnaya-kryshka-ekrana.jpg;;
Защитная пленка экрана Garmin для GPSMAP 276Cx.  3 шт (010-12456-07);;1390;409562509_w640_h640_zaschitnaya-plenka-ekrana.jpg;;
,Чехол Garmin большой для GPSMAP 276Cx,, Montana и др. (010-11853-01),;;1190;608578597_w640_h640_chehol-garmin-bolshoj.jpg;;
Аккумулятор Li-Ion Garmin для GPSMAP 276Cx (010-12456-06);;3990;409561554_w640_h640_akkumulyator-li-ion-garmin.jpg;;
,Авто кабель питания Garmin с предохранителем для GPSMAP 276Cx,, Rino,, TT™ и др. (010-11872-00),;;2495;409526086_w640_h640_avto-kabel-pitaniya.jpg;;
Кабель питания/данных Garmin миниUSB (010-11131-00);;2990;420869588_w640_h640_kabel-pitaniyadannyh-garmin.jpg;;
,Держатель с проводами Garmin для Montana 600-680t,, Monterra,, GPSMAP 276Cx (010-11654-01),;;3770;96897211_w640_h640_derzhatel-s-provodami.jpg;;
Морское крепление Garmin для Montana и GPSMAP 276Сх (010-11654-06);;4490;385058683_w640_h640_morskoe-kreplenie-garmin.jpg;;
,Основание морского крепления Garmin для Montana,, Monterra,, GPSMAP 276Сх,;;1990;545884076_w640_h640_osnovanie-morskogo-krepleniya.jpg;;
,Вело крепление Garmin для Montana 600-680Т,, GPSMAP 276Cx (010-11654-07),;;3595;104134270_w640_h640_velo-kreplenie-garmin.jpg;;
,Крепление Garmin в авто с динамиком для  Montana 600-680T,, Monterra,, GPSMAP 276Сх (010-11654-00),;;5295;416404237_w640_h640_kreplenie-garmin-v.jpg;;
Авто крепление на плоскость Garmin для Montana 600-680T и GPSMAP 276Cx (010-11654-04);;7990;405819684_w640_h640_avto-kreplenie-na.jpg;;
,Авто крепление на торпеду с динамиком Garmin для 276Cx,, Montana и др. (010-12456-04),;;6990;579108238_w640_h640_avto-kreplenie-na.jpg;;
Навигатор Garmin Montana 610 туристический (010-01534-00) + microSD 8 Гб;59;32290;383995904_w640_h640_navigator-garmin-montana.jpg;/catalog/navigator/;/catalog/navigator/383995904_w640_h640_navigator-garmin-montana.jpg
Навигатор Garmin Montana 680 туристический с камерой (010-01534-15) + microSD 8Gb;59;35750;405973578_w640_h640_navigator-garmin-montana.jpg;/catalog/navigator/;/catalog/navigator/405973578_w640_h640_navigator-garmin-montana.jpg
Навигатор Garmin Montana 680t туристический с камерой (010-01534-16) + microSD 8 Гб;59;36990;390042419_w640_h640_navigator-garmin-montana.jpg;/catalog/navigator/;/catalog/navigator/390042419_w640_h640_navigator-garmin-montana.jpg
Защитная антибликовая пленка экрана Garmin для Montana 600-680t.  4 шт (010-11654-05);;1490;416848229_w640_h640_zaschitnaya-antiblikovaya-plenka.jpg;;
,Сменный Li-ion аккумулятор Garmin для Montana 600-680t,, Monterra,, VIRB и др. (010-11654-03),;;2990;416797611_w640_h640_smennyj-li-ion-akkumulyator.jpg;;
Навигатор Garmin Oregon 700 TopoActive Europe туристический (010-01672-10) + microSD 8 Гб;59;24590;474478027_w640_h640_navigator-garmin-oregon.jpg;/catalog/navigator/;/catalog/navigator/474478027_w640_h640_navigator-garmin-oregon.jpg
Чехол Garmin для Oregon (010-11345-00);;2026;561204000_w640_h640_chehol-garmin-dlya.jpg;;
,Универсальный чехол Garmin 14,,5x7,,4x3,,3 см для Oregon и мн. др. (010-10117-03),;;1090;532999036_w640_h640_universalnyj-chehol-garmin.jpg;;
,Чехол Garmin 010-10850-10 с карабином для Oregon,, Colorado и др. Премиумный,;;2633;474618633_w640_h640_chehol-garmin-010-10850-10.jpg;;
Кабель Garmin мини USB под 90° - свободные провода с предохранителем (010-11131-01);;2990;569077312_w640_h640_kabel-garmin-mini.jpg;;
,Премиумный чехол Garmin для aera,, zumo 3xx,, 5xx,, 6xx серий (010-11270-00),;;2690;441035053_w640_h640_premiumnyj-chehol-garmin.jpg;;
,Мото кабель питания Garmin для креплений zumo 400,, 450,, 500,, 550 (010-10861-00),;;1790;440617531_w640_h640_moto-kabel-pitaniya.jpg;;
Навигатор Garmin Zumo 595 LM Europe на мото премиумный с картами России и Европы (010-01603-10) + microSD 8 Гб;59;84990;409305752_w640_h640_navigator-garmin-zumo.jpg;/catalog/navigator/;/catalog/navigator/409305752_w640_h640_navigator-garmin-zumo.jpg
Мото держатель Garmin для zumo 3XX (010-11843-00);;2390;110742722_w640_h640_moto-derzhatel-garmin.jpg;;
Кабель питания Garmin для zumo 3XX серий (010-11843-01);;4290;110734539_w640_h640_kabel-pitaniya-garmin.jpg;;
Мото крепление Garmin с проводами для 590-595 LM (010-12110-00);;4890;330897372_w640_h640_moto-kreplenie-garmin.jpg;;
Защитная крышка контактов (010-12110-04);;690;569081301_w640_h640_zaschitnaya-kryshka-kontaktov.jpg;;
Чехол Garmin для zumo 595 (010-12100-00);;3685;569088506_w640_h640_chehol-garmin-dlya.jpg;;
Авто крепление для Garmin zumo 595 (010-12110-01);;4422;569089051_w640_h640_avto-kreplenie-dlya.jpg;;
Аккумулятор Garmin для zumo 595 и др. (010-12110-03);;4990;569089621_w640_h640_akkumulyator-garmin-dlya.jpg;;
Крышка аккумуляторного отсека Гармин для Garmin zumo 595 (010-12110-05);;2702;569090284_w640_h640_kryshka-akkumulyatornogo-otseka.jpg;;
Авто кабель Garmin microUSB для  zumo 595 и мн. др. (010-12110-02);;1990;569079843_w640_h640_avto-kabel-garmin.jpg;;
Универсальный монтажный мото комплект Garmin для zumo и др. устройств (010-10962-10);;4990;569076097_w640_h640_universalnyj-montazhnyj-moto.jpg;;
Авто крепление с присоской и зарядкой Garmin для zumo 396 LMT-S (010-12742-00);;4975;569092440_w640_h640_avto-kreplenie-s.jpg;;
Навигатор Garmin GPSMAP 78  плавающий портативный (010-00864-00) + microSD 8 Гб;59;17290;603056123_w640_h640_navigator-garmin-gpsmap.jpg;/catalog/navigator/;/catalog/navigator/603056123_w640_h640_navigator-garmin-gpsmap.jpg
Навигатор Garmin Foretrex 701 Ballistic Edition - наручный защищенный с баллистикой (010-01772-10);59;39990;648019969_w640_h640_navigator-garmin-foretrex.jpg;/catalog/navigator/;/catalog/navigator/648019969_w640_h640_navigator-garmin-foretrex.jpg
Навигатор Garmin Foretrex 601 наручный защищенный (010-01772-00);59;18295;648019076_w640_h640_navigator-garmin-foretrex.jpg;/catalog/navigator/;/catalog/navigator/648019076_w640_h640_navigator-garmin-foretrex.jpg
,Навигатор Garmin Foretrex 401 наручный защищенный (010-00777-00,, 020-00030-88),;59;16955;648020838_w640_h640_navigator-garmin-foretrex.jpg;/catalog/navigator/;/catalog/navigator/648020838_w640_h640_navigator-garmin-foretrex.jpg
,Авто кабель питания Garmin для GPSMAP 276C,, 376C,, 278,, 378,, 478,, 296,, 396,, 496 (010-10516-00),;;1990;409315006_w640_h640_avto-kabel-pitaniya.jpg;;
,Аккумулятор Li-Ion Garmin для GPSMAP 276C,, 376C,, 278,, 378,, 478,, 296,, 396,, 496 (010-10517-02),;;3990;471158782_w640_h640_akkumulyator-li-ion-garmin.jpg;;
,Кабель питания/данных Garmin миниUSB для nuvi,, dēzl™,, Drive™Smart™,, fleet™ и др. (010-11232-10),;;4390;486487838_w640_h640_kabel-pitaniyadannyh-garmin.jpg;;
Диски Garmin на приборную панель автомобиля (010-10646-02);;1090;440601587_w640_h640_diski-garmin-na.jpg;;
Авто крепление с присоской Garmin для nuvi 24xx и др. (010-11653-00);;2764;454609728_w640_h640_avto-kreplenie-s.jpg;;
"Присоска Garmin на стекло с держателем для 6"" автонавигаторов (010-11983-04)";;2640;648043750_w640_h640_prisoska-garmin-na.jpg;;
Держатель Garmin для автонавигаторов и др. устройств (010-11983-02);;1320;648044897_w640_h640_derzhatel-garmin-dlya.jpg;;
Датчик GPS/ГЛОНАСС Garmin GLO™2 высокоточный (010-02184-01);;11180;663241128_w640_h640_datchik-gpsglonass-garmin.jpg;;
Удлинитель переходник Garmin мини USB к мини USB под 90° (010-11367-00);;1350;578792377_w640_h640_udlinitel-perehodnik-garmin.jpg;;
Крепление Garmin с кабелем питания для 795/796  (010-11756-01);;6388;579288820_w640_h640_kreplenie-garmin-s.jpg;;
Сумка Garmin для GPSMAP 695/696 и др. (010-11206-01);;4910;579303738_w640_h640_sumka-garmin-dlya.jpg;;
Эхолот Garmin STRIKER™ 4 Worldwide с датчиком Dual Beam (010-01550-01);;10990;369945976_w640_h640_eholot-garmin-striker.jpg;;
,"Эхолот Garmin STRIKER™ PLUS 4cv 4,,3"" c датчиком GT20-TM (010-01871-01)",;;17390;514849505_w640_h640_eholot-garmin-striker.jpg;;
"Эхолот Garmin STRIKER™ PLUS 5cv 5"" c датчиком GT20-TM (010-01872-01)";;25390;514531920_w640_h640_eholot-garmin-striker.jpg;;
"Эхолот Garmin STRIKER™ PLUS 7cv 7"" c датчиком GT20-TM (010-01873-01)";;29990;614248460_w640_h640_eholot-garmin-striker.jpg;;
"Эхолот Garmin STRIKER™ PLUS 7sv 7"" с датчиком GT52HW-TM (010-01874-01)";;39490;521123911_w640_h640_eholot-garmin-striker.jpg;;
,"Эхолот Garmin ECHOMAP™ PLUS 42cv 4,,3"" картплоттер c датчиком GT20-TM (010-01884-01) + microSD 8 Гб",;;28880;566290857_w640_h640_eholot-garmin-echomap.jpg;;
,Кабель питания Garmin для эхолотов ECHOMAP™ серий и др. (4 pin,, 2 провода) (010-11678-10),;;2190;430213015_w640_h640_kabel-pitaniya-garmin.jpg;;
,Кабель питания/данных Garmin для эхолотов ECHOMAP™,, STRIKER™ (4 pin,, 4 провода) (010-12199-04),;;2290;490193595_w640_h640_kabel-pitaniyadannyh-garmin.jpg;;
,Кабель питания Garmin 8 pin для  ECHOMAP™ 5x/7x,, GPSMAP5x7/7x1 и др. (010-11970-00),;;2490;486828085_w640_h640_kabel-pitaniya-garmin.jpg;;
Кабель удлинитель Garmin 3 м (10 ft) с мама 8 pin на папа 8 pin для эхолотов и др. (010-11617-50);;3990;501141697_w640_h640_kabel-udlinitel-garmin.jpg;;
Кабель удлинитель Garmin 3 м (10 ft) с мама 4 pin на папа 4 pin для эхолотов и др. (010-11617-10);;3490;485362302_w640_h640_kabel-udlinitel-garmin.jpg;;
Переходник Garmin-MotorGuide (010-11979-00);;3490;485367588_w640_h640_perehodnik-garmin-motorguide-010-11979-00.jpg;;
Кабель переходник Garmin с папа 6 pin на 2*4 pin мама для эхолотов и др. (010-11615-00);;1990;484779230_w640_h640_kabel-perehodnik-garmin.jpg;;
Кабель переходник  Garmin с мама 12 pin на папа 8 pin для эхолотов/картплоттеров и др. (010-12122-10);;1990;515124940_w640_h640_kabel-perehodnik-garmin.jpg;;
Кабель переходник Garmin с мама 12 pin на папа 12 pin плюс папа 8 pin для эхолотов/картплоттеров (010-12445-33);;2990;515126294_w640_h640_kabel-perehodnik-garmin.jpg;;
,Кабель питания/данных Garmin 3 провода,, 10 м (010-12234-06),;;1990;474630202_w640_h640_kabel-pitaniyadannyh-garmin.jpg;;
,Кабель питания в розетку прикуривателя Garmin для эхолотов Fishfinder,, GPSMAP и др. серий (010-10208-00),;;2990;535179105_w640_h640_kabel-pitaniya-v.jpg;;
,Удлинитель кабеля Garmin для датчиков,, эхолотов и картплоттеров. 12 pin,, 3 метра (010-11617-32),;;3990;564138318_w640_h640_udlinitel-kabelya-garmin.jpg;;
,Кабель Garmin 010-12098-00 12 pin,, 0,,6 м,;;2702;569078163_w640_h640_kabel-garmin-010-12098-00.jpg;;
,Кабель Garmin 010-12225-00 12 pin мама - 2*12 pin папа,, 10 м,;;4990;569082566_w640_h640_kabel-garmin-010-12225-00.jpg;;
Кабель переходник Garmin с 4 pin на 8 pin для картплоттеров  ECHOMAP™ серий и др. (010-12721-00);;1990;569086812_w640_h640_kabel-perehodnik-garmin.jpg;;
Угловой 90° переходник Garmin для 12 pin кабелей (010-12262-10);;2296;569093825_w640_h640_uglovoj-90-perehodnik.jpg;;
,Кабель Garmin 010-12445-00 4-pin питания/данных для ECHOMAP™ 7x,, 9x CHIRP и Plus серий и др.,;;2090;569137061_w640_h640_kabel-garmin-010-12445-00.jpg;;
Кабель Garmin переходник с 8 pin на 4 pin (010-12719-00);;1990;569138963_w640_h640_kabel-garmin-perehodnik.jpg;;
Трансдьюсер Garmin GT10HN-IF для зимней рыбалки 500 Вт. Кабель 4 pin (010-12677-00);;16708;572799518_w640_h640_transdyuser-garmin-gt10hn-if.jpg;;
Кабель питания/данных Garmin для эхолотов GPSMAP 420-546 серий (010-10917-00);;2557;641648467_w640_h640_kabel-pitaniyadannyh-garmin.jpg;;
,Кабель  Garmin переходник 12 pin - 2*4 pin для echoMAP™,, STRIKER™,, GT и др. (010-12234-05),;;3990;623723031_w640_h640_kabel-garmin-perehodnik.jpg;;
Кабель 4 pin 2 м (6 футов) Garmin для ECHOMAP Ultra серий (010-12938-00);;3685;646955258_w640_h640_kabel-4-pin.jpg;;
,"Кабель RJ45 1,,83 м (6"") Garmin для сети Marine Network (010-10550-00)",;;2392;646339749_w640_h640_kabel-rj45-183.jpg;;
Кабель питания Garmin NMEA 2000 (010-11079-00);;1890;517195280_w640_h640_kabel-pitaniya-garmin.jpg;;
Антенна Garmin GPS/GLONASS/Galileo/QZSS GPS 19x (NMEA 2000)(010-01010-10);;24890;640925101_w640_h640_antenna-garmin-gpsglonassgalileoqzss.jpg;;
Гармин стартовый комплект Starting Kit NMEA 2000 (010-11442-00);59;9690;609694858_w640_h640_garmin-startovyj-komplekt.jpg;/catalog/navigator/;/catalog/navigator/609694858_w640_h640_garmin-startovyj-komplekt.jpg
Кабель Garmin переходник 4 pin (мама) на 5 pin (NMEA 2000 папа) 2 м (010-12445-10);;2702;609682889_w640_h640_kabel-garmin-perehodnik.jpg;;
Т-коннектор Garmin NMEA 2000 (010-11078-01);;4913;609690693_w640_h640_t-konnektor-garmin-nmea.jpg;;
Изолятор питания Garmin NMEA 2000 (010-11580-00);;1966;609708867_w640_h640_izolyator-pitaniya-garmin.jpg;;
Соединительный зажим Garmin NMEA 2000 папа (010-11094-00);;3618;609732239_w640_h640_soedinitelnyj-zazhim-garmin.jpg;;
Соединительный зажим Garmin NMEA 2000 мама (010-11095-00);;3618;609732239_w640_h640_soedinitelnyj-zazhim-garmin.jpg;;
Соединительный зажим Garmin NMEA 2000 оконечный папа (010-11080-00);;1190;609713283_w640_h640_soedinitelnyj-zazhim-garmin.jpg;;
Соединительный зажим Garmin NMEA 2000 оконечный мама (010-11081-00);;1190;609713283_w640_h640_soedinitelnyj-zazhim-garmin.jpg;;
Терминатор Garmin NMEA 2000 встроенный (010-11096-00);;1590;609721797_w640_h640_terminator-garmin-nmea.jpg;;
,Кабель соединительный Garmin NMEA 2000 0,,3 м (1 фут) (010-11076-03),;;2764;609745439_w640_h640_kabel-soedinitelnyj-garmin.jpg;;
Кабель Garmin NMEA 2000 2 м (6 футов) (010-11076-00);;2290;609745439_w640_h640_kabel-garmin-nmea.jpg;;
Кабель соединительный Garmin NMEA 2000 4 м (13 футов) (010-11076-04);;2764;609745439_w640_h640_kabel-soedinitelnyj-garmin.jpg;;
Кабель соединительный Garmin NMEA 2000 6 м (19 футов) (010-11076-01);;3317;609745439_w640_h640_kabel-soedinitelnyj-garmin.jpg;;
Кабель соединительный Garmin NMEA 2000 10 м (32 фута) (010-11076-03);;3870;609745439_w640_h640_kabel-soedinitelnyj-garmin.jpg;;
Сетевой адаптер Garmin NMEA 2000 (010-11480-00);;7862;609751747_w640_h640_setevoj-adapter-garmin.jpg;;
"Крышка Гармин для Garmin ECHOMAP™ 9"" серий (010-12234-00)";;1990;569083378_w640_h640_kryshka-garmin-dlya.jpg;;
Защитная крышка экрана Garmin для STRIKER™ 4 серий (010-12441-00);;1680;474625102_w640_h640_zaschitnaya-kryshka-ekrana.jpg;;
Защитная крышка экрана Garmin для STRIKER™ PLUS 4/4cv (010-12441-10);;1390;520926438_w640_h640_zaschitnaya-kryshka-ekrana.jpg;;
Защитная крышка экрана Garmin для ECHOMAP™ Plus 4Xcv серий (010-12670-00);;1590;506247261_w640_h640_zaschitnaya-kryshka-ekrana.jpg;;
"Защитная крышка экрана Garmin для ECHOMAP™ 4"" серий (010-12199-00)";;1690;527856609_w640_h640_zaschitnaya-kryshka-ekrana.jpg;;
Защитная крышка экрана Garmin для STRIKER™ 5 серий (010-12441-01);;2790;474674930_w640_h640_zaschitnaya-kryshka-ekrana.jpg;;
Защитная крышка экрана Garmin для STRIKER™ 7 серий (010-12441-02);;2995;485659777_w640_h640_zaschitnaya-kryshka-ekrana.jpg;;
Защитная крышка экрана Garmin для STRIKER™ Plus 9sv (010-12441-03);;2495;535155044_w640_h640_zaschitnaya-kryshka-ekrana.jpg;;
"Крышка Гармин для Garmin ECHOMAP™ 7"" серий (010-12233-00)";;1590;569082921_w640_h640_kryshka-garmin-dlya.jpg;;
"Крышка Гармин для Garmin ECHOMAP™ 5"" серий (010-12247-02)";;2026;569083877_w640_h640_kryshka-garmin-dlya.jpg;;
Крышка Гармин для Garmin ECHOMAP™ plus 6Xcv серий (010-12671-00);;2026;569084765_w640_h640_kryshka-garmin-dlya.jpg;;
Крышка Гармин для Garmin ECHOMAP™ plus 7Xcv/7Xsv серий (010-12672-00);;1590;569085850_w640_h640_kryshka-garmin-dlya.jpg;;
Крышка Garmin для ECHOMAP™ Plus 9Xsv серий (010-12673-00);;2026;569086293_w640_h640_kryshka-garmin-dlya.jpg;;
Крышка отсека для microSD Гармин для Garmin ECHOMAP™ plus 72 серий (010-12672-04);;810;569090711_w640_h640_kryshka-otseka-dlya.jpg;;
Крышка microSD отсека Гармин для Garmin ECHOMAP™ plus 92 серий (010-12673-04);;810;569091774_w640_h640_kryshka-microsd-otseka.jpg;;
Крепление Гармин рамка для Garmin STRIKER™ plus 4/4cv серий (010-12440-10);;1473;569094247_w640_h640_kreplenie-garmin-ramka.jpg;;
Морское крепление Garmin для ECHOMAP™ Plus 6Xcv серий (010-12671-03);;2490;569085228_w640_h640_morskoe-kreplenie-garmin.jpg;;
,Сумка Garmin с аккумулятором и зарядкой для эхолотов STRIKER™,, ECHOMAP™ и др. (010-12462-01),;;14990;474483517_w640_h640_sumka-garmin-s.jpg;;
,Сумка Garmin с аккумулятором,, зарядкой и трансдьюсером для STRIKER™,, ECHOMAP™ (010-12676-00),;;43002;615490686_w640_h640_sumka-garmin-s.jpg;;
Зарядное устройство Garmin (010-11849-04);;3490;474486978_w640_h640_zaryadnoe-ustrojstvo-garmin.jpg;;
Штатное морское регулируемое крепление Garmin для STRIKER™ 4 серий (010-12439-00);;1390;474668812_w640_h640_shtatnoe-morskoe-reguliruemoe.jpg;;
Штатное морское регулируемое крепление Garmin для STRIKER™ PLUS 4 серий (010-12439-10);;1790;566285702_w640_h640_shtatnoe-morskoe-reguliruemoe.jpg;;
Штатное морское регулируемое крепление Garmin для STRIKER™ 5 и 7 серий (010-12439-01);;1990;474677900_w640_h640_shtatnoe-morskoe-reguliruemoe.jpg;;
Комплект для врезки и крепления заподлицо Garmin для STRIKER™ 4 серий (010-12440-00);;967;474664851_w640_h640_komplekt-dlya-vrezki.jpg;;
,Крепление датчиков на дно лодки Garmin для ECHOMAP™,, STRIKER™ серий (010-12357-00),;;1773;474663511_w640_h640_kreplenie-datchikov-na.jpg;;
Морское крепление Garmin для ECHOMAP™ Plus 9Xsv серий (010-12673-03);;5390;569091279_w640_h640_morskoe-kreplenie-garmin.jpg;;
Присоска Garmin трансдьюсеров и др. (010-10253-00);;1590;569140189_w640_h640_prisoska-garmin-transdyuserov.jpg;;
Комплект быстросъемных креплений Garmin для ECHOMAP™ 4x серий и др. (010-12199-01);;2026;569150434_w640_h640_komplekt-bystrosemnyh-kreplenij.jpg;;
Морское крепление Garmin для ECHOMAP™ 4x серий и др. (010-12199-03);;2490;569152246_w640_h640_morskoe-kreplenie-garmin.jpg;;
Монтажный комплект Garmin для STRIKER™ 7 серий (010-12440-02);;1590;620364370_w640_h640_montazhnyj-komplekt-garmin.jpg;;
Трансдьюсер Garmin GT20-TM с кабелем и креплениями. 500 Вт (010-01960-01);;17290;640962978_w640_h640_transdyuser-garmin-gt20-tm.jpg;;
Датчик скорости потока ветра Garmin gWind™ (010-01227-00);;79990;640966461_w640_h640_datchik-skorosti-potoka.jpg;;
Датчик направления Garmin SteadyCast™ NMEA 2000 (010-11417-10);;16990;640963572_w640_h640_datchik-napravleniya-garmin.jpg;;
Датчик топлива Garmin GFS™ 10 (010-00671-00);;22237;640972586_w640_h640_datchik-topliva-garmin.jpg;;
Крепление Garmin к троллинговому мотору 4-8 pin трансдьюсеров эхолотов и др. (010-12105-10);;2702;566733497_w640_h640_kreplenie-garmin-k.jpg;;
Крепление Garmin с хомутом для трансдьюсеров (датчиков) (010-12105-20);;2702;569078349_w640_h640_kreplenie-garmin-s.jpg;;
Трансдьюсер Garmin GT8HW-IF для зимней рыбалки 250 Вт. Кабель 4 pin (010-12401-20);;15990;572781763_w640_h640_transdyuser-garmin-gt8hw-if.jpg;;
,USB кабель питания/данных Garmin для Approach,, Forerunner,, vívomove и др. (010-11029-19),;;2190;623721979_w640_h640_usb-kabel-pitaniyadannyh.jpg;;
Датчик данных беговой динамики Garmin (010-12520-00);;6879;610206188_w640_h640_datchik-dannyh-begovoj.jpg;;
,USB кабель питания/данных Garmin для fēnix,, Approach,, Instinct™,, vívoactive и др. (010-12491-01),;;3490;532204484_w640_h640_usb-kabel-pitaniyadannyh.jpg;;
Силиконовый ремешок Garmin QuickFit 20 мм для fēnix 5S и 5S plus и др. (010-12496-00). Цвет черный;;4990;570409704_w640_h640_silikonovyj-remeshok-garmin.jpg;;
USB кабель питания/данных Garmin для  fēnix Chronos (010-12419-10);;2456;610412168_w640_h640_usb-kabel-pitaniyadannyh.jpg;;
Умные часы Garmin Instinct™ Grafite черные с черным ремешком (010-02064-00);;19290;604189735_w640_h640_umnye-chasy-garmin.jpg;;
Умные часы Garmin Instinct™ Tundra серые с серым ремешком (010-02064-01);;19290;604221330_w640_h640_umnye-chasy-garmin.jpg;;
Умные часы Garmin Instinct™ Flame Red красные с красным ремешком (010-02064-03);;19290;604223962_w640_h640_umnye-chasy-garmin.jpg;;
Умные часы Garmin Instinct Tactical чёрные с чёрным ремешком (010-02064-70);;25990;678903049_w640_h640_umnye-chasy-garmin.jpg;;
Силиконовый ремешок Garmin QuickFit 22 мм для fēnix 5 и plus и др. (010-12496-00). Цвет черный;;4990;570405089_w640_h640_silikonovyj-remeshok-garmin.jpg;;
Крепление Garmin велосипедное для Forerunner и Foretrex (010-11029-00);;1990;604078544_w640_h640_kreplenie-garmin-velosipednoe.jpg;;
Спутниковый коммуникатор Garmin inReach Explorer+ (010-01735-11);;37450;648017790_w640_h640_sputnikovyj-kommunikator-garmin.jpg;;
Спутниковый коммуникатор Garmin inReach Mini (010-01879-00). Цвет оранжевый;;26990;648021228_w640_h640_sputnikovyj-kommunikator-garmin.jpg;;
Пульт управления Garmin для Edge (010-12094-20);;4913;610063131_w640_h640_pult-upravleniya-garmin.jpg;;
Пульт Garmin eBike управления велокомпьютером (010-12094-30);;8845;610063131_w640_h640_pult-garmin-ebike.jpg;;
Вело зарядное устройство на руль Garmin (010-12562-00);;12777;609813012_w640_h640_velo-zaryadnoe-ustrojstvo.jpg;;
Чехол Garmin для Edge 1030 черный (010-12562-00);;2702;609819160_w640_h640_chehol-garmin-dlya.jpg;;
Шнурок  Garmin для Edge и др. (010-11251-16);;590;610110194_w640_h640_shnurok-garmin-dlya.jpg;;
Вело крепление Garmin для Edge и др. (010-12563-00);;4290;610115435_w640_h640_velo-kreplenie-garmin.jpg;;
,Крепление Garmin на велосипед для Edge,, Forerunner,, Varia™ и др. (010-11251-40),;;4422;610130283_w640_h640_kreplenie-garmin-na.jpg;;
,Вело крепление Garmin на руль для Edge,, Varia™ и др. (010-12384-00),;;4422;610138496_w640_h640_velo-kreplenie-garmin.jpg;;
Крепление Garmin на горный велосипед для Edge и др. (010-12563-02);;4422;610121710_w640_h640_kreplenie-garmin-na.jpg;;
,Крепление Garmin на трубу большого диаметра для Edge,, VIRB,, Varia™ и др. (010-12256-02),;;3070;610132196_w640_h640_kreplenie-garmin-na.jpg;;
,Крепление Garmin на трубу 9-24 мм диаметра для Edge,, VIRB,, Varia™ и др. (010-12256-03),;;2825;610135641_w640_h640_kreplenie-garmin-na.jpg;;
,Крепление Garmin на велошлем для Edge,, VIRB,, Varia™ и др. (010-12256-04),;;2026;610136670_w640_h640_kreplenie-garmin-na.jpg;;
,Универсальное фрикционное крепление Garmin для Edge,, Varia™ и др. (010-12494-00),;;1473;610139518_w640_h640_universalnoe-friktsionnoe-kreplenie.jpg;;
,Вело крепление Garmin для Edge,, Varia™ и др. (010-12095-20),;;1756;610112753_w640_h640_velo-kreplenie-garmin.jpg;;
Эластичные резиновые кольца Garmin для крепления датчиков к велосипеду (010-11430-01);;883;610074528_w640_h640_elastichnye-rezinovye-koltsa.jpg;;
Вело крепежные резинки Garmin для Edge и др. (010-12459-00);;2026;610119863_w640_h640_velo-krepezhnye-rezinki.jpg;;
Ошейник Garmin BarkLimiter™ Deluxe премиумный (010-01070-11);;8990;664558785_w640_h640_oshejnik-garmin-barklimiter.jpg;;
Аккумулятор с крышкой Garmin для ошейника  BarkLimiter™ Deluxe (010-11867-10);;2990;664573581_w640_h640_akkumulyator-s-kryshkoj.jpg;;
,"Ремешок Garmin 010-11870-00 3/4"" для ошейников BarkLimiter™,, Delta и др.",;;1790;664590051_w640_h640_remeshok-garmin-010-11870-00.jpg;;
Электронный ошейник Garmin PRO 70 с пультом (010-01201-01);;22490;664590726_w640_h640_elektronnyj-oshejnik-garmin.jpg;;
Пульт Garmin для PRO 70 (010-01201-51);;16490;664595266_w640_h640_pult-garmin-dlya.jpg;;
Электронный ошейник Garmin PRO 550 с пультом (010-01202-01);;37990;664597122_w640_h640_elektronnyj-oshejnik-garmin.jpg;;
Пульт Garmin для PRO 550 (010-01202-51);;26990;664597422_w640_h640_pult-garmin-dlya.jpg;;
Электронный ошейник Garmin Sport PRO™ с пультом (010-01205-01);;16490;664599290_w640_h640_elektronnyj-oshejnik-garmin.jpg;;
Пульт Garmin для Sport PRO™ (010-01205-51);;8490;664599425_w640_h640_pult-garmin-dlya.jpg;;
Электронный ошейник Garmin PT 10 цвет красный (010-01209-01);;9990;664602973_w640_h640_elektronnyj-oshejnik-garmin.jpg;;
Электронный ошейник Garmin PT 10 цвет синий (010-01209-11);;9990;664603902_w640_h640_elektronnyj-oshejnik-garmin.jpg;;
Полевая сумка Garmin для ошейников и мн.др. устройств (010-11962-10);;3790;664604211_w640_h640_polevaya-sumka-garmin.jpg;;
,Аккумулятор Li-ion Garmin для PRO,, PT,, TB серий и др. (010-11925-10),;;3290;664604776_w640_h640_akkumulyator-li-ion-garmin.jpg;;
,Зарядное устройство Garmin для Astro 430,, PRO,, PT,, TB,, TT,, T5 серий и др. (010-11890-10),;;1390;664604960_w640_h640_zaryadnoe-ustrojstvo-garmin.jpg;;
,Авто мобильное зарядное устройство Garmin для Delta,, PRO,, PT,, TB серий и др. (010-12180-02),;;2990;664605237_w640_h640_avto-mobilnoe-zaryadnoe.jpg;;
,Кабель Garmin миниUSB-миниUSB*2 для Alpha,, Astro,, Delta,, PRO,, PT,, TB,, TT,, T5 и др.(010-11828-01),;;1490;664605427_w640_h640_kabel-garmin-miniusb-miniusb2.jpg;;
,Набор контактов Garmin для Alpha,, Delta,, PRO,, PT,, TB серий и др. (010-12180-03),;;1390;664605501_w640_h640_nabor-kontaktov-garmin.jpg;;
Навигатор Garmin Approach G8 для гольфа (010-01231-01);59;39990;664606053_w640_h640_navigator-garmin-approach.jpg;/catalog/navigator/;/catalog/navigator/664606053_w640_h640_navigator-garmin-approach.jpg
Авто кабель microUSB 5 метров Garmin для Dash Cam и др. (010-12114-02);;1990;569082052_w640_h640_avto-kabel-microusb.jpg;;
,Кабель Garmin для Force™ Trolling Motor,, Foot Pedal и др. (010-12832-10),;;3377;664731417_w640_h640_kabel-garmin-dlya.jpg;;
Вело датчик вращения педалей (Cadence Sensor 2) Garmin (010-12844-00);;4390;644409047_w640_h640_velo-datchik-vrascheniya.jpg;;
Вело датчики вращения педалей и скорости (Sensor 2) Garmin (010-12845-00);;6850;644412432_w640_h640_velo-datchiki-vrascheniya.jpg;;
Пульсометр Garmin HRM-Dual™ премиумный монитор сердечного ритма (010-12883-00);;5450;604140600_w640_h640_pulsometr-garmin-hrm-dual.jpg;;
Пульсометр Garmin HRM монитор сердечного ритма (010-10997-00);;3990;420852752_w640_h640_pulsometr-garmin-hrm.jpg;;
Пульсометр Garmin HRM-Tri™ монитор сердечного ритма для триатлона (010-10997-09);;7490;564135265_w640_h640_pulsometr-garmin-hrm-tri.jpg;;
Пульсометр Garmin HRM4-Run монитор сердечного ритма для бега (010-10997-12);;6990;564085761_w640_h640_pulsometr-garmin-hrm4-run.jpg;;
Пульсометр Garmin HRM-Swim™ монитор сердечного ритма для плавания (010-12342-00);;7990;569084146_w640_h640_pulsometr-garmin-hrm-swim.jpg;;
Пульсометр Garmin HRM-Tri™ + HRM-Swim™ два монитора сердечного ритма для триатлона и плавания(010-11254-03);;19990;566707717_w640_h640_pulsometr-garmin-hrm-tri.jpg;;
Эластичный ремешок Garmin с электродами для пульсометров (010-11254-02);;3990;604163934_w640_h640_elastichnyj-remeshok-garmin.jpg;;
,Эластичный ремешок Garmin для датчиков,, пульсометров и устройств (010-10714-00),;;890;440604294_w640_h640_elastichnyj-remeshok-garmin.jpg;;
,Эластичный ремешок Garmin малый для датчиков,, пульсометров и устройств (010-10714-01),;;790;440606900_w640_h640_elastichnyj-remeshok-garmin.jpg;;
Датчик температуры Garmin Tempe™ беспроводной (010-11092-30);;3490;420867911_w640_h640_datchik-temperatury-garmin.jpg;;
Шагомер Garmin для часов и др. (010-11092-00);;7390;604082030_w640_h640_shagomer-garmin-dlya.jpg;;
Беспроводной датчик Garmin CHIRP для геокешинга (010-11092-20);;1690;420866036_w640_h640_besprovodnoj-datchik-garmin.jpg;;
,Беспроводной передатчик Garmin USB ANT+ Stick для Forerunner,, Swim,, Edge и др. (010-01058-00),;;5390;610069115_w640_h640_besprovodnoj-peredatchik-garmin.jpg;;
Установочный комплект Garmin для датчиков скорости/частоты вращения педалей и др. (010-10729-00);;899;440610507_w640_h640_ustanovochnyj-komplekt-garmin.jpg;;
Эластичные овальные резинки Garmin для крепления датчиков к велосипеду (010-12104-02);;920;610089509_w640_h640_elastichnye-ovalnye-rezinki.jpg;;
USB зарядное Garmin устройство в авто розетку (010-11936-00);;1790;609821502_w640_h640_usb-zaryadnoe-garmin.jpg;;
,Универсальный авто кабель Garminдля zumo,, nuvi и мн. др. мини-USB  под 90°(010-11838-00),;;2595;354559532_w640_h640_universalnyj-avto-kabel.jpg;;
,Кабель Garmin 010-10851-11 в авто розетку-miniUSB,, 1,,5 А,;;2690;451078645_w640_h640_kabel-garmin-010-10851-11.jpg;;
,Авто зарядка  Garmin 12 V,, 1,,5 А. Мини USB (010-10851-12),;;2690;646959210_w640_h640_avto-zaryadka-garmin.jpg;;
,Зарядное устройство Garmin 2 в авто розетку USB*2,,1А + авто розетка 2,,4А (010-10723-17),;;2190;615601382_w640_h640_zaryadnoe-ustrojstvo-garmin.jpg;;
Авто кабель питания Garmin для GPSMAP 62 серий и др. под 4 штырька (010-10085-00);;1990;497436139_w640_h640_avto-kabel-pitaniya.jpg;;
,Авто кабель питания Garmin для nuvi 6xx,, 7xx,, 5000,, zumo 5xx  и др. (010-10747-03),;;,1787,,5,;330897659_w640_h640_avto-kabel-pitaniya.jpg;;
,Кабель удлинитель Garmin 1,,8 м миниUSB-miniUSB под 90° (010-10617-02),;;1856;579094378_w640_h640_kabel-udlinitel-garmin.jpg;;
Кабель питания/данных Garmin USB-микроUSB (010-11478-01);;1190;664606589_w640_h640_kabel-pitaniyadannyh-garmin.jpg;;
Кабель USB-miniUSB Garmin с фильтром от помех (010-10723-01);;790;330897534_w640_h640_kabel-usb-miniusb-garmin.jpg;;
,Сетевое зарядное устройство Garmin 100-240V,, USB 5В,, 2А. + 2 кабеля миниUSB,, микроUSB (010-11478-05),;;2190;532167949_w640_h640_setevoe-zaryadnoe-ustrojstvo.jpg;;
,Сетевое зарядное устройство Garmin. 100-220V,, USB 5В,, 2 А. (010-11921-17),;;2490;615491683_w640_h640_setevoe-zaryadnoe-ustrojstvo.jpg;;
Сетевое зарядное устройство Garmin для Li-Ion аккумуляторов (010-11921-06);;2690;615493717_w640_h640_setevoe-zaryadnoe-ustrojstvo.jpg;;
,Аккумулятор Ni-Mh Garmin 2000 мА*ч,,AA 2 шт,, 2,,4 В,, 4,,8Wh (010-11874-00),;;2895;615481665_w640_h640_akkumulyator-ni-mh-garmin.jpg;;
,Аккумулятор Li-Ion Garmin для aera,, nuvi 500-560,, zumo 220,, 660-665 и др.(010-11143-00),;;3690;615501300_w640_h640_akkumulyator-li-ion-garmin.jpg;;
,Антенна с магнитной площадкой Garmin GA25MCX для Montana,, GPSMAP и др. (010-10702-00),;;2990;409316132_w640_h640_antenna-s-magnitnoj.jpg;;
Антенна Garmin 34 см гибкая дальнего действия для навигаторов (010-10856-30);;2470;565843708_w640_h640_antenna-garmin-34.jpg;;
,Внешняя защищенная GPS/GLONASS антенна  Garmin для эхолотов,, картплоттеров,, раций и др. (010-12017-00),;;5990;566719698_w640_h640_vneshnyaya-zaschischennaya-gpsglonass.jpg;;
Подставка Garmin стойка для антенны и др. (010-11082-00);;1659;608932417_w640_h640_podstavka-garmin-stojka.jpg;;
Подставка крепление Garmin шайба для антенны и др. (010-11083-00);;1659;608932957_w640_h640_podstavka-kreplenie-garmin.jpg;;
Потолочное крепление Garmin для антенны (010-11084-00);;1659;608933434_w640_h640_potolochnoe-kreplenie-garmin.jpg;;
Антенна Garmin GPS/GLONASS GPS 19x HVS (NMEA 0183)(010-01010-00);;18990;640924813_w640_h640_antenna-garmin-gpsglonass.jpg;;
Чехол Garmin универсальный большой (010-12101-01);;2990;660037673_w640_h640_chehol-garmin-universalnyj.jpg;;
,Чехол Garmin для часов,, навигаторов и др. устройств (010-10718-01),;;1590;604066398_w640_h640_chehol-garmin-dlya.jpg;;
,Универсальный чехол Garmin для Montana,, GPSMAP 64 и мн. др. (010-10117-02),;;1290;453329186_w640_h640_universalnyj-chehol-garmin.jpg;;
,Вело крепление+чехол Garmin для eTrex 10/20/30,, Dakota,, Oregon,, GPSMAP 64 и др. (010-11853-00),;;2190;424892354_w640_h640_velo-krepleniechehol-garmin.jpg;;
Шнурок Garmin 50 см быстросъемный (010-11733-00);;1390;485375648_w640_h640_shnurok-garmin-50.jpg;;
,Крепление Garmin морское для Colorado,, Oregon (010-11031-00),;;2980;420862017_w640_h640_kreplenie-garmin-morskoe.jpg;;
Вело крепление Garmin для навигаторов с салазками (010-11023-00);;1290;420860580_w640_h640_velo-kreplenie-garmin.jpg;;
Крепление Garmin на рюкзак для устройств с салазками (010-11855-00);;1990;409524897_w640_h640_kreplenie-garmin-na.jpg;;
Крепление Garmin на ремень для устройств с салазками (010-11022-10);;690;420855798_w640_h640_kreplenie-garmin-na.jpg;;
,Крепление Garmin на ремень и салазки для GPSMAP 64,, Oregon,, eTrex и мн. др. (010-11734-20),;;990;515128060_w640_h640_kreplenie-garmin-na.jpg;;
Карабин Garmin с вытягивающимся шнурком для различных устройств (010-10888-00);;2490;440621382_w640_h640_karabin-garmin-s.jpg;;
,Карабин Garmin с креплением на салазки для GPSMAP 64,, Oregon,, eTrex и мн. др. (010-11022-20),;;1445;444462801_w640_h640_karabin-garmin-s.jpg;;
Плавающий шнурок Garmin (010-12525-01);;990;547989377_w640_h640_plavayuschij-shnurok-garmin.jpg;;
,Карабин Garmin с ремешком для Montana,, GPSMAP 64,, Oregon и мн. др. (010-11854-00),;;1590;409523793_w640_h640_karabin-garmin-s.jpg;;
Авто крепление присоска Garmin (010-10747-00);;990;436672152_w640_h640_avto-kreplenie-prisoska.jpg;;
Авто крепление мини присоска Garmin (010-12530-05);;1590;549301709_w640_h640_avto-kreplenie-mini.jpg;;
,Авто присоска Garmin для dēzl™,, Drive™,, fleet™,, nuvi,, zumo,, RV и др. (010-11932-01),;;1590;569077585_w640_h640_avto-prisoska-garmin.jpg;;
,Авто крепление с шаром G-ball на решетку Garmin для Drive™,, nuvi и  др. (010-11952-00),;;2190;569077879_w640_h640_avto-kreplenie-s.jpg;;
Навигатор Garmin GPSMAP 64s кнопочный портативный туристический (010-01199-10) + microSD 8 Гб;;19640;424896909_w640_h640_navigator-garmin-gpsmap.jpg;;
Навигатор Garmin GPSMAP 64st кнопочный портативный туристический (010-01199-21) + microSD 8 Гб;;22870;409305579_w640_h640_navigator-garmin-gpsmap.jpg;;
Чехол Garmin для GPSMAP 62-64 серий (010-11526-10);;2456;646966510_w640_h640_chehol-garmin-dlya.jpg;;
Навигатор Garmin Oregon 750 TopoActive Europe туристический (010-01672-20) + microSD 8 Гб;;30990;474479644_w640_h640_navigator-garmin-oregon.jpg;;
Навигатор Garmin Oregon 750t TopoActive Europe туристический (010-01672-32) + microSD 8 Гб;;33990;396261200_w640_h640_navigator-garmin-oregon.jpg;;
Навигатор Garmin GPSMAP 78S  плавающий портативный (010-00864-01) + microSD 8 Гб;;21450;603059184_w640_h640_navigator-garmin-gpsmap.jpg;;
,"Эхолот Garmin STRIKER™ PLUS 4 Worldwide 4,,3"" c датчиком Dual Beam (010-01870-01)",;;12090;514489723_w640_h640_eholot-garmin-striker.jpg;;
"Эхолот Garmin STRIKER™ PLUS 9sv 9"" c датчиком GT52HW-TM (010-01875-01)";;49990;514863395_w640_h640_eholot-garmin-striker.jpg;;
"Эхолот Garmin ECHOMAP™ PLUS 62cv 6"" картплоттер c датчиком GT20-TM (010-01888-01) + microSD 8 Гб";;49990;514853403_w640_h640_eholot-garmin-echomap.jpg;;
"Эхолот Garmin ECHOMAP™ PLUS 72sv 7"" картплоттер c датчиком GT52HW-TM (010-01896-01) + microSD 8 Гб";;79990;514941098_w640_h640_eholot-garmin-echomap.jpg;;
"Эхолот Garmin ECHOMAP™ PLUS 92sv 9"" картплоттер c датчиком GT52HW-TM (010-01900-01) + microSD 8 Гб";;89990;514943289_w640_h640_eholot-garmin-echomap.jpg;;
Умные часы Garmin fēnix Chronos (titanium) титановые с титановым браслетом (010-01957-01);;132390;610401255_w640_h640_umnye-chasy-garmin.jpg;;
